start_time,end_time,content,source
0.1,2.666,他们刚开始用这个五连鞭恶搞,https://www.bilibili.com/video/BV1Sv4y1j7TB/
3.7,4.9,久而久之,https://www.bilibili.com/video/BV1Sv4y1j7TB/
5.333,6.566,他要想一个问题,https://www.bilibili.com/video/BV1Sv4y1j7TB/
6.6,9.133,为什么马保国能打这个五连鞭,https://www.bilibili.com/video/BV1Sv4y1j7TB/
9.8,11.0,他的松果弹抖,https://www.bilibili.com/video/BV1Sv4y1j7TB/
11.333,12.799,面不改善气不发衰,https://www.bilibili.com/video/BV1Sv4y1j7TB/
12.8,15.566,为什么那么多所谓的技击高手,https://www.bilibili.com/video/BV1Sv4y1j7TB/
15.566,16.466,他打不出来,https://www.bilibili.com/video/BV1Sv4y1j7TB/
16.466,18.266,要打好这个五连鞭,https://www.bilibili.com/video/BV1Sv4y1j7TB/
19.6,22.133,两点必须的，一要内功,https://www.bilibili.com/video/BV1Sv4y1j7TB/
